Qty,Value,Device,Package,Parts,Description,
1,1.5k,R0402,CHIP0402,R2,,
3,10k,R0402,CHIP0402,"R3, R4, R5",,
1,10nF,C0402,CHIP0402,C8,,
3,10uF,C0603,CHIP0603,"C1, C2, C3",,
3,1uF,C0402,CHIP0402,"C6, C7, C10",,
1,22,R0402,CHIP0402,R1,,
2,30pF,C0603,CHIP0603,"C4, C5",,
2,5.1k,R0402,CHIP0402,"R6, R7",,
1,ABLS2-8.000MHZ-D4Y-T,ABLS2-8.000MHZ-D4Y-T,XTALHC49-AT49-SMD,XTAL1,,
2,AH49ENTR,AH49ENTR,SOT23-3,"U1, U2","Linear Hall Effect Sensor.",
1,JLC-C2765186-USBC-16PIN,JLC-C2765186-USBC-16PIN,JLC-C2765186-USBC,J2,,
2,KS-33C-LOWPROFILE-MAG-SWITCH-GATERON,KS-33C-LOWPROFILE-MAG-SWITCH-GATERON,KS-33C-LOWPROFILE-MAG-SWITCH-GATERON,"MS1, MS2","Gateron Low Profile Magnetic Jade Switch",
2,KS-57B210T-LOWPROFILE-STAB-24MM-GATERON,KS-57B210T-LOWPROFILE-STAB-24MM-GATERON,KS-57B210T-LOWPROFILE-STAB-24MM-GATERON,"S24-1, S24-2","Gateron Low Profile Stabilizer 24mm",
1,PIN_1X4_2.54MM,PIN_1X4_2.54MM,PIN_1X4_2.54MM,J3,,
1,SMF3.3A_ESD_DIODE,SMF3.3A_ESD_DIODE,SOD-123FL,D2,,
1,STM32F103C8,STM32F103C8,QFP48-7X7,IC1,,
1,SWD_10PIN,SWD_10PIN,PIN_2X5_1.27MM,J1,,
1,TLV73333PDBVR,TLV73333PDBVR,SOT25-5,U3,,
1,USBLC6-2,USBLC6-2,SOT23-6,D1,"Very low capacitance ESD protection for USB.",
