Qty,Value,Footprint,Designator,JLCPCB Part #
1,1.5k,CHIP0402,R2,C114759
3,10k,CHIP0402,"R3, R4, R5",C60490
1,10nF,CHIP0402,C8,C60133
3,10uF,CHIP0603,"C1, C2, C3",C19702
3,1uF,CHIP0402,"C6, C7, C10",C106254
1,22,CHIP0402,R1,C114765
2,30pF,CHIP0603,"C4, C5",C113797
2,5.1k,CHIP0402,"R6, R7",C105872
1,ABLS2-8.000MHZ-D4Y-T,XTALHC49-AT49-SMD,XTAL1,C596832
2,AH49ENTR,SOT23-3,"U1, U2",C314698
1,JLC-C2765186-USBC-16PIN,JLC-C2765186-USBC,J2,C2765186
1,SMF3.3A_ESD_DIODE,SOD-123FL,D2,C283866
1,STM32F103C8,QFP48-7X7,IC1,C8734
1,SWD_10PIN,PIN_2X5_1.27MM,J1,C7501289
1,TLV73333PDBVR,SOT25-5,U3,C134139
1,USBLC6-2,SOT23-6,D1,C7519
